,cls_names,train_time,test_time,accuracy_score,roc_auc,precision,avg_precision,recall,f1_score
7,GradientBoostingClassifier,1.0,0.0,0.7507225433526011,0.8265094504912069,0.6946849992418963,0.7558560900442574,0.644972560914991,0.6682204887735764
4,DecisionTreeClassifier,0.045451424362412896,0.0,0.729913294797688,0.8029671282676192,0.6614304184034199,0.6879772475026673,0.6322784074796053,0.6443146551096437
2,RandomForestClassifier,0.09089660654056067,1.0,0.7261560693641618,0.8104883042006602,0.6939260822352087,0.7266334480227277,0.568592234544381,0.6161424380625011
0,GaussianNB,0.0,0.0,0.546242774566474,0.7172724369284793,0.4575165213492071,0.6359665461946792,0.8785201942574019,0.6012757034599645
3,KNeighborsClassifier,0.09093475322218084,0.9991305806805876,0.6410404624277456,0.6535348134768884,0.540703990862011,0.5046049385912829,0.5266249317120034,0.5328650974961021
1,LogisticRegression,0.09088759005217772,0.0,0.7010115606936417,0.7342980487970101,0.6903206617539663,0.661984473008645,0.4258300562999159,0.5256446255815852
5,RidgeClassifier,0.0,0.0,0.679335260115607,0.7012830932251852,0.6740107193375303,0.6213185525330907,0.3487415722046909,0.4578257821605579
6,Perceptron,0.09090492945291416,0.0,0.4953757225433527,0.5864822439975559,0.4397880846771739,0.5116466509559314,0.5924834693827744,0.3420346453815156
